Workbook

Sheet Attendance 2025
A1: Date | B1: Employee Type | C1: Rate(per hour) | D1: Emp ID | E1: Name | F1: Attendance | G1: Permission | H1: OT | I1: Day Salary | J1: Permission(Detection) | K1: OT (Allowance) | L1: Salary
A2: 01-01-2025 | B2: Coordinator | C2: 62.5 | D2: E001 | E2: Arul | F2: 1 | G2: 0 | H2: 0 | I2: {=_xlfn.IFS(F2=1,C2*8,F2=0.5,C2*4,F2=0,0)} -> 500 | J2: {=_xlfn.IFS(G2=0,0,G2=0.25,C2/4,G2=0.5,C2/2)} -> 0 | K2: {=_xlfn.IFS(H2=0,0,H2=0.5,C2/2,H2=1,C2,H2=1.5,C2+(C2/2))} -> 0 | L2: =(I2+K2)-J2 -> 500
A3: 01-01-2025 | B3: Coordinator | C3: 62.5 | D3: E002 | E3: Kavin | F3: 1 | G3: 0 | H3: 0 | I3: {=_xlfn.IFS(F3=1,C3*8,F3=0.5,C3*4,F3=0,0)} -> 500 | J3: {=_xlfn.IFS(G3=0,0,G3=0.25,C3/4,G3=0.5,C3/2)} -> 0 | K3: {=_xlfn.IFS(H3=0,0,H3=0.5,C3/2,H3=1,C3,H3=1.5,C3+(C3/2))} -> 0 | L3: =(I3+K3)-J3 -> 500
A4: 01-01-2025 | B4: Coordinator | C4: 62.5 | D4: E003 | E4: Dheepa | F4: 1 | G4: 0 | H4: 0 | I4: {=_xlfn.IFS(F4=1,C4*8,F4=0.5,C4*4,F4=0,0)} -> 500 | J4: {=_xlfn.IFS(G4=0,0,G4=0.25,C4/4,G4=0.5,C4/2)} -> 0 | K4: {=_xlfn.IFS(H4=0,0,H4=0.5,C4/2,H4=1,C4,H4=1.5,C4+(C4/2))} -> 0 | L4: =(I4+K4)-J4 -> 500
A5: 01-01-2025 | B5: Project Manager | C5: 125 | D5: E004 | E5: Vignesh | F5: 1 | G5: 0 | H5: 0 | I5: {=_xlfn.IFS(F5=1,C5*8,F5=0.5,C5*4,F5=0,0)} -> 1000 | J5: {=_xlfn.IFS(G5=0,0,G5=0.25,C5/4,G5=0.5,C5/2)} -> 0 | K5: {=_xlfn.IFS(H5=0,0,H5=0.5,C5/2,H5=1,C5,H5=1.5,C5+(C5/2))} -> 0 | L5: =(I5+K5)-J5 -> 1000
A6: 01-01-2025 | B6: Project Manager | C6: 125 | D6: E005 | E6: Nila | F6: 1 | G6: 0 | H6: 0 | I6: {=_xlfn.IFS(F6=1,C6*8,F6=0.5,C6*4,F6=0,0)} -> 1000 | J6: {=_xlfn.IFS(G6=0,0,G6=0.25,C6/4,G6=0.5,C6/2)} -> 0 | K6: {=_xlfn.IFS(H6=0,0,H6=0.5,C6/2,H6=1,C6,H6=1.5,C6+(C6/2))} -> 0 | L6: =(I6+K6)-J6 -> 1000
A7: 01-01-2025 | B7: Project Manager | C7: 125 | D7: E006 | E7: Pranav | F7: 0 | G7: 0 | H7: 0 | I7: {=_xlfn.IFS(F7=1,C7*8,F7=0.5,C7*4,F7=0,0)} -> 0 | J7: {=_xlfn.IFS(G7=0,0,G7=0.25,C7/4,G7=0.5,C7/2)} -> 0 | K7: {=_xlfn.IFS(H7=0,0,H7=0.5,C7/2,H7=1,C7,H7=1.5,C7+(C7/2))} -> 0 | L7: =(I7+K7)-J7 -> 0
A8: 01-01-2025 | B8: Project Manager | C8: 125 | D8: E007 | E8: Yazhini | F8: 0.5 | G8: 0 | H8: 0 | I8: {=_xlfn.IFS(F8=1,C8*8,F8=0.5,C8*4,F8=0,0)} -> 500 | J8: {=_xlfn.IFS(G8=0,0,G8=0.25,C8/4,G8=0.5,C8/2)} -> 0 | K8: {=_xlfn.IFS(H8=0,0,H8=0.5,C8/2,H8=1,C8,H8=1.5,C8+(C8/2))} -> 0 | L8: =(I8+K8)-J8 -> 500
A9: 01-01-2025 | B9: Training Manager | C9: 112.5 | D9: E008 | E9: Surya | F9: 0 | G9: 0 | H9: 0 | I9: {=_xlfn.IFS(F9=1,C9*8,F9=0.5,C9*4,F9=0,0)} -> 0 | J9: {=_xlfn.IFS(G9=0,0,G9=0.25,C9/4,G9=0.5,C9/2)} -> 0 | K9: {=_xlfn.IFS(H9=0,0,H9=0.5,C9/2,H9=1,C9,H9=1.5,C9+(C9/2))} -> 0 | L9: =(I9+K9)-J9 -> 0
A10: 01-01-2025 | B10: Training Manager | C10: 112.5 | D10: E010 | E10: Kavya | F10: 0 | G10: 0 | H10: 0 | I10: {=_xlfn.IFS(F10=1,C10*8,F10=0.5,C10*4,F10=0,0)} -> 0 | J10: {=_xlfn.IFS(G10=0,0,G10=0.25,C10/4,G10=0.5,C10/2)} -> 0 | K10: {=_xlfn.IFS(H10=0,0,H10=0.5,C10/2,H10=1,C10,H10=1.5,C10+(C10/2))} -> 0 | L10: =(I10+K10)-J10 -> 0
A11: 01-01-2025 | B11: Training Manager | C11: 112.5 | D11: E011 | E11: Aadhavan | F11: 1 | G11: 0 | H11: 0 | I11: {=_xlfn.IFS(F11=1,C11*8,F11=0.5,C11*4,F11=0,0)} -> 900 | J11: {=_xlfn.IFS(G11=0,0,G11=0.25,C11/4,G11=0.5,C11/2)} -> 0 | K11: {=_xlfn.IFS(H11=0,0,H11=0.5,C11/2,H11=1,C11,H11=1.5,C11+(C11/2))} -> 0 | L11: =(I11+K11)-J11 -> 900
A12: 01-01-2025 | B12: Team Leader | C12: 104.5 | D12: E012 | E12: Meena | F12: 1 | G12: 0 | H12: 0 | I12: {=_xlfn.IFS(F12=1,C12*8,F12=0.5,C12*4,F12=0,0)} -> 836 | J12: {=_xlfn.IFS(G12=0,0,G12=0.25,C12/4,G12=0.5,C12/2)} -> 0 | K12: {=_xlfn.IFS(H12=0,0,H12=0.5,C12/2,H12=1,C12,H12=1.5,C12+(C12/2))} -> 0 | L12: =(I12+K12)-J12 -> 836
A13: 01-01-2025 | B13: Team Leader | C13: 104.5 | D13: E013 | E13: Hariharan | F13: 1 | G13: 0 | H13: 0 | I13: {=_xlfn.IFS(F13=1,C13*8,F13=0.5,C13*4,F13=0,0)} -> 836 | J13: {=_xlfn.IFS(G13=0,0,G13=0.25,C13/4,G13=0.5,C13/2)} -> 0 | K13: {=_xlfn.IFS(H13=0,0,H13=0.5,C13/2,H13=1,C13,H13=1.5,C13+(C13/2))} -> 0 | L13: =(I13+K13)-J13 -> 836
... A9856: 31-12-2025 | B9856: Coordinator | C9856: 62.5 | D9856: E001 | E9856: Arul | F9856: 1 | G9856: 0.5 | H9856: 0 | I9856: {=_xlfn.IFS(F9856=1,C9856*8,F9856=0.5,C9856*4,F9856=0,0)} -> 500 | J9856: {=_xlfn.IFS(G9856=0,0,G9856=0.25,C9856/4,G9856=0.5,C9856/2)} -> 31.25 | K9856: {=_xlfn.IFS(H9856=0,0,H9856=0.5,C9856/2,H9856=1,C9856,H9856=1.5,C9856+(C9856/2))} -> 0 | L9856: =(I9856+K9856)-J9856 -> 468.75

Sheet Image
A1: Name | B1: Image
A2: Aadhavan | B2: https://thumbs.dreamstime.com/b/business-man-cartoon-character-vector-illustration-print-design-instant-download-digital-download-generative-ai-business-man-321798149.jpg
A3: Aravind | B3: https://www.shutterstock.com/image-vector/illustration-smiling-young-man-brown-600nw-2575185307.jpg
A4: Arul | B4: https://icon2.cleanpng.com/20240327/evr/transparent-cartoon-man-man-with-beard-and-glasses-blue-sweate-bearded-man-in-blue-sweater-looks-determined66043c2f0f6a36.69985221.webp
A5: Dharshini | B5: https://easy-peasy.ai/cdn-cgi/image/quality=70,format=auto,width=500/https://media.easy-peasy.ai/27feb2bb-aeb4-4a83-9fb6-8f3f2a15885e/dc3f6dca-6584-4139-aa65-2050501535c8.png
A6: Dheepa | B6: https://cdn.vectorstock.com/i/1000v/26/66/smiling-cartoon-girl-with-blonde-hair-vector-54482666.jpg
A7: Divya | B7: https://thumbs.dreamstime.com/b/cartoon-girl-big-eyes-long-hair-290858276.jpg
A8: Gokul | B8: https://png.pngtree.com/png-clipart/20240314/original/pngtree-male-cartoon-man-surprising-look-png-image_14584829.png
A9: Hariharan | B9: https://cdn.pixabay.com/photo/2025/06/02/12/27/man-9637000_1280.jpg
A10: Ishwarya | B10: https://thumbs.dreamstime.com/z/cartoon-girl-long-hair-bow-her-head-290857776.jpg
A11: Kavin | B11: https://clipart-library.com/2024/man-cartoon-pictures/man-cartoon-pictures-18.png
A12: Kavya | B12: https://www.shutterstock.com/image-vector/beautiful-brunette-girl-dark-chocolate-260nw-577279450.jpg
... A28: Yazhini | B28: https://encrypted-tbn0.gstatic.com/images?q=tbn:ANd9GcQgZO7JmEtR_cCMIki1CzvtagJDbULIx5tK0eDTB4N2FpVttt10srUVnSaIo2GUhKdvsBs&usqp=CAU

Sheet Sheet1
A1: Name | B1: Days Present | C1: No.Of Days Leave | D1: Permission | E1: Late | F1: OT
A2: Arul | B2: =COUNTIFS('Attendance 2025'!$F$2:$F$9856,"1",'Attendance 2025'!$E$2:$E$9856,A2)+(COUNTIFS('Attendance 2025'!$F$2:$F$9856,"0.5",'Attendance 2025'!$E$2:$E$9856,A2)*0.5) -> 301.5 | C2: =COUNTIFS('Attendance 2025'!$F$2:$F$9856,"0",'Attendance 2025'!$E$2:$E$9856,A2)+(COUNTIFS('Attendance 2025'!$F$2:$F$9856,"0.5",'Attendance 2025'!$E$2:$E$9856,A2)*0.5) -> 63.5 | D2: =SUMIF('Attendance 2025'!$E$2:$E$9856,A2,'Attendance 2025'!$G$2:$G$9856) -> 17.25 | E2: =SUMIF('Attendance 2025'!$E$2:$E$9856,A2,'Attendance 2025'!#REF!) -> #REF! | F2: =SUMIF('Attendance 2025'!$E$2:$E$9856,A2,'Attendance 2025'!$H$2:$H$9856) -> 60
A3: Kavin | B3: =COUNTIFS('Attendance 2025'!$F$2:$F$9856,"1",'Attendance 2025'!$E$2:$E$9856,A3)+(COUNTIFS('Attendance 2025'!$F$2:$F$9856,"0.5",'Attendance 2025'!$E$2:$E$9856,A3)*0.5) -> 304.5 | C3: =COUNTIFS('Attendance 2025'!$F$2:$F$9856,"0",'Attendance 2025'!$E$2:$E$9856,A3)+(COUNTIFS('Attendance 2025'!$F$2:$F$9856,"0.5",'Attendance 2025'!$E$2:$E$9856,A3)*0.5) -> 60.5 | D3: =SUMIF('Attendance 2025'!$E$2:$E$9856,A3,'Attendance 2025'!$G$2:$G$9856) -> 19.5 | E3: =SUMIF('Attendance 2025'!$E$2:$E$9856,A3,'Attendance 2025'!#REF!) -> #REF! | F3: =SUMIF('Attendance 2025'!$E$2:$E$9856,A3,'Attendance 2025'!$H$2:$H$9856) -> 60
A4: Dheepa | B4: =COUNTIFS('Attendance 2025'!$F$2:$F$9856,"1",'Attendance 2025'!$E$2:$E$9856,A4)+(COUNTIFS('Attendance 2025'!$F$2:$F$9856,"0.5",'Attendance 2025'!$E$2:$E$9856,A4)*0.5) -> 304.5 | C4: =COUNTIFS('Attendance 2025'!$F$2:$F$9856,"0",'Attendance 2025'!$E$2:$E$9856,A4)+(COUNTIFS('Attendance 2025'!$F$2:$F$9856,"0.5",'Attendance 2025'!$E$2:$E$9856,A4)*0.5) -> 60.5 | D4: =SUMIF('Attendance 2025'!$E$2:$E$9856,A4,'Attendance 2025'!$G$2:$G$9856) -> 22.25 | E4: =SUMIF('Attendance 2025'!$E$2:$E$9856,A4,'Attendance 2025'!#REF!) -> #REF! | F4: =SUMIF('Attendance 2025'!$E$2:$E$9856,A4,'Attendance 2025'!$H$2:$H$9856) -> 70.5
A5: Vignesh | B5: =COUNTIFS('Attendance 2025'!$F$2:$F$9856,"1",'Attendance 2025'!$E$2:$E$9856,A5)+(COUNTIFS('Attendance 2025'!$F$2:$F$9856,"0.5",'Attendance 2025'!$E$2:$E$9856,A5)*0.5) -> 304.5 | C5: =COUNTIFS('Attendance 2025'!$F$2:$F$9856,"0",'Attendance 2025'!$E$2:$E$9856,A5)+(COUNTIFS('Attendance 2025'!$F$2:$F$9856,"0.5",'Attendance 2025'!$E$2:$E$9856,A5)*0.5) -> 60.5 | D5: =SUMIF('Attendance 2025'!$E$2:$E$9856,A5,'Attendance 2025'!$G$2:$G$9856) -> 18.5 | E5: =SUMIF('Attendance 2025'!$E$2:$E$9856,A5,'Attendance 2025'!#REF!) -> #REF! | F5: =SUMIF('Attendance 2025'!$E$2:$E$9856,A5,'Attendance 2025'!$H$2:$H$9856) -> 49.5
A6: Nila | B6: =COUNTIFS('Attendance 2025'!$F$2:$F$9856,"1",'Attendance 2025'!$E$2:$E$9856,A6)+(COUNTIFS('Attendance 2025'!$F$2:$F$9856,"0.5",'Attendance 2025'!$E$2:$E$9856,A6)*0.5) -> 297.5 | C6: =COUNTIFS('Attendance 2025'!$F$2:$F$9856,"0",'Attendance 2025'!$E$2:$E$9856,A6)+(COUNTIFS('Attendance 2025'!$F$2:$F$9856,"0.5",'Attendance 2025'!$E$2:$E$9856,A6)*0.5) -> 67.5 | D6: =SUMIF('Attendance 2025'!$E$2:$E$9856,A6,'Attendance 2025'!$G$2:$G$9856) -> 16 | E6: =SUMIF('Attendance 2025'!$E$2:$E$9856,A6,'Attendance 2025'!#REF!) -> #REF! | F6: =SUMIF('Attendance 2025'!$E$2:$E$9856,A6,'Attendance 2025'!$H$2:$H$9856) -> 50.5
A7: Pranav | B7: =COUNTIFS('Attendance 2025'!$F$2:$F$9856,"1",'Attendance 2025'!$E$2:$E$9856,A7)+(COUNTIFS('Attendance 2025'!$F$2:$F$9856,"0.5",'Attendance 2025'!$E$2:$E$9856,A7)*0.5) -> 302 | C7: =COUNTIFS('Attendance 2025'!$F$2:$F$9856,"0",'Attendance 2025'!$E$2:$E$9856,A7)+(COUNTIFS('Attendance 2025'!$F$2:$F$9856,"0.5",'Attendance 2025'!$E$2:$E$9856,A7)*0.5) -> 63 | D7: =SUMIF('Attendance 2025'!$E$2:$E$9856,A7,'Attendance 2025'!$G$2:$G$9856) -> 18.5 | E7: =SUMIF('Attendance 2025'!$E$2:$E$9856,A7,'Attendance 2025'!#REF!) -> #REF! | F7: =SUMIF('Attendance 2025'!$E$2:$E$9856,A7,'Attendance 2025'!$H$2:$H$9856) -> 56
A8: Yazhini | B8: =COUNTIFS('Attendance 2025'!$F$2:$F$9856,"1",'Attendance 2025'!$E$2:$E$9856,A8)+(COUNTIFS('Attendance 2025'!$F$2:$F$9856,"0.5",'Attendance 2025'!$E$2:$E$9856,A8)*0.5) -> 301 | C8: =COUNTIFS('Attendance 2025'!$F$2:$F$9856,"0",'Attendance 2025'!$E$2:$E$9856,A8)+(COUNTIFS('Attendance 2025'!$F$2:$F$9856,"0.5",'Attendance 2025'!$E$2:$E$9856,A8)*0.5) -> 64 | D8: =SUMIF('Attendance 2025'!$E$2:$E$9856,A8,'Attendance 2025'!$G$2:$G$9856) -> 20.5 | E8: =SUMIF('Attendance 2025'!$E$2:$E$9856,A8,'Attendance 2025'!#REF!) -> #REF! | F8: =SUMIF('Attendance 2025'!$E$2:$E$9856,A8,'Attendance 2025'!$H$2:$H$9856) -> 74
A9: Surya | B9: =COUNTIFS('Attendance 2025'!$F$2:$F$9856,"1",'Attendance 2025'!$E$2:$E$9856,A9)+(COUNTIFS('Attendance 2025'!$F$2:$F$9856,"0.5",'Attendance 2025'!$E$2:$E$9856,A9)*0.5) -> 302 | C9: =COUNTIFS('Attendance 2025'!$F$2:$F$9856,"0",'Attendance 2025'!$E$2:$E$9856,A9)+(COUNTIFS('Attendance 2025'!$F$2:$F$9856,"0.5",'Attendance 2025'!$E$2:$E$9856,A9)*0.5) -> 63 | D9: =SUMIF('Attendance 2025'!$E$2:$E$9856,A9,'Attendance 2025'!$G$2:$G$9856) -> 18.75 | E9: =SUMIF('Attendance 2025'!$E$2:$E$9856,A9,'Attendance 2025'!#REF!) -> #REF! | F9: =SUMIF('Attendance 2025'!$E$2:$E$9856,A9,'Attendance 2025'!$H$2:$H$9856) -> 61.5
A10: Tharun | B10: =COUNTIFS('Attendance 2025'!$F$2:$F$9856,"1",'Attendance 2025'!$E$2:$E$9856,A10)+(COUNTIFS('Attendance 2025'!$F$2:$F$9856,"0.5",'Attendance 2025'!$E$2:$E$9856,A10)*0.5) -> 299 | C10: =COUNTIFS('Attendance 2025'!$F$2:$F$9856,"0",'Attendance 2025'!$E$2:$E$9856,A10)+(COUNTIFS('Attendance 2025'!$F$2:$F$9856,"0.5",'Attendance 2025'!$E$2:$E$9856,A10)*0.5) -> 66 | D10: =SUMIF('Attendance 2025'!$E$2:$E$9856,A10,'Attendance 2025'!$G$2:$G$9856) -> 21.75 | E10: =SUMIF('Attendance 2025'!$E$2:$E$9856,A10,'Attendance 2025'!#REF!) -> #REF! | F10: =SUMIF('Attendance 2025'!$E$2:$E$9856,A10,'Attendance 2025'!$H$2:$H$9856) -> 58.5
A11: Kavya | B11: =COUNTIFS('Attendance 2025'!$F$2:$F$9856,"1",'Attendance 2025'!$E$2:$E$9856,A11)+(COUNTIFS('Attendance 2025'!$F$2:$F$9856,"0.5",'Attendance 2025'!$E$2:$E$9856,A11)*0.5) -> 295.5 | C11: =COUNTIFS('Attendance 2025'!$F$2:$F$9856,"0",'Attendance 2025'!$E$2:$E$9856,A11)+(COUNTIFS('Attendance 2025'!$F$2:$F$9856,"0.5",'Attendance 2025'!$E$2:$E$9856,A11)*0.5) -> 69.5 | D11: =SUMIF('Attendance 2025'!$E$2:$E$9856,A11,'Attendance 2025'!$G$2:$G$9856) -> 18.5 | E11: =SUMIF('Attendance 2025'!$E$2:$E$9856,A11,'Attendance 2025'!#REF!) -> #REF! | F11: =SUMIF('Attendance 2025'!$E$2:$E$9856,A11,'Attendance 2025'!$H$2:$H$9856) -> 53.5
A12: Aadhavan | B12: =COUNTIFS('Attendance 2025'!$F$2:$F$9856,"1",'Attendance 2025'!$E$2:$E$9856,A12)+(COUNTIFS('Attendance 2025'!$F$2:$F$9856,"0.5",'Attendance 2025'!$E$2:$E$9856,A12)*0.5) -> 314.5 | C12: =COUNTIFS('Attendance 2025'!$F$2:$F$9856,"0",'Attendance 2025'!$E$2:$E$9856,A12)+(COUNTIFS('Attendance 2025'!$F$2:$F$9856,"0.5",'Attendance 2025'!$E$2:$E$9856,A12)*0.5) -> 50.5 | D12: =SUMIF('Attendance 2025'!$E$2:$E$9856,A12,'Attendance 2025'!$G$2:$G$9856) -> 20.25 | E12: =SUMIF('Attendance 2025'!$E$2:$E$9856,A12,'Attendance 2025'!#REF!) -> #REF! | F12: =SUMIF('Attendance 2025'!$E$2:$E$9856,A12,'Attendance 2025'!$H$2:$H$9856) -> 63.5
A13: Meena | B13: =COUNTIFS('Attendance 2025'!$F$2:$F$9856,"1",'Attendance 2025'!$E$2:$E$9856,A13)+(COUNTIFS('Attendance 2025'!$F$2:$F$9856,"0.5",'Attendance 2025'!$E$2:$E$9856,A13)*0.5) -> 299 | C13: =COUNTIFS('Attendance 2025'!$F$2:$F$9856,"0",'Attendance 2025'!$E$2:$E$9856,A13)+(COUNTIFS('Attendance 2025'!$F$2:$F$9856,"0.5",'Attendance 2025'!$E$2:$E$9856,A13)*0.5) -> 66 | D13: =SUMIF('Attendance 2025'!$E$2:$E$9856,A13,'Attendance 2025'!$G$2:$G$9856) -> 22.25 | E13: =SUMIF('Attendance 2025'!$E$2:$E$9856,A13,'Attendance 2025'!#REF!) -> #REF! | F13: =SUMIF('Attendance 2025'!$E$2:$E$9856,A13,'Attendance 2025'!$H$2:$H$9856) -> 55
... A28: Vishwa | B28: =COUNTIFS('Attendance 2025'!$F$2:$F$9856,"1",'Attendance 2025'!$E$2:$E$9856,A28)+(COUNTIFS('Attendance 2025'!$F$2:$F$9856,"0.5",'Attendance 2025'!$E$2:$E$9856,A28)*0.5) -> 298.5 | C28: =COUNTIFS('Attendance 2025'!$F$2:$F$9856,"0",'Attendance 2025'!$E$2:$E$9856,A28)+(COUNTIFS('Attendance 2025'!$F$2:$F$9856,"0.5",'Attendance 2025'!$E$2:$E$9856,A28)*0.5) -> 66.5 | D28: =SUMIF('Attendance 2025'!$E$2:$E$9856,A28,'Attendance 2025'!$G$2:$G$9856) -> 15.5 | E28: =SUMIF('Attendance 2025'!$E$2:$E$9856,A28,'Attendance 2025'!#REF!) -> #REF! | F28: =SUMIF('Attendance 2025'!$E$2:$E$9856,A28,'Attendance 2025'!$H$2:$H$9856) -> 75

Sheet Sheet2
A1: Visual Type | B1: Purpose / Fields to Use | D1: Visual Type | E1: Field(s) Used | F1: Purpose
A2: Bar Chart | B2: Total Salary by Employee Name | D2: Card | E2: Total Salary | F2: Show total salary paid
A3: Column Chart | B3: Overtime vs. Permission Deduction by Employee Type | D3: Card | E3: Total OT (Allowance) | F3: Show total overtime
A4: Donut Chart | B4: Salary distribution by Employee Type | D4: Card | E4: Total Permission (Detection) | F4: Show total deductions
A5: Card Visuals | B5: Total Salary, Total OT Allowance, Total Permission Deduction | D5: Bar Chart | E5: Name vs Salary | F5: Compare employee salary
A6: Table or Matrix | B6: Display detailed employee-wise breakdown (Date, Name, Salary, OT, etc.) | D6: Column Chart | E6: Employee Type vs Total Salary | F6: Compare salary by type
A7: Line Chart | B7: Salary trend over time (x-axis: Date, y-axis: Total Salary) | D7: Pie Chart | E7: Attendance (Present/Absent) | F7: Show attendance ratio
A8: Slicer | B8: Filter by Date, Employee Type, or Employee Name | D8: Donut Chart | E8: OT (Allowance) distribution | F8: Show overtime contribution
D9: Table | E9: All columns | F9: Detailed view of all data
B10: page 1
E11: page 2
